"部署","氏名","読み","社員番号","バッジ"
"","軽部 龍二(ｶﾙﾍﾞ ﾘｭｳｼﾞ)","","",""
"","櫻井 忠男(ｻｸﾗｲ ﾀﾀﾞｵ)","","",""
"","萩田 健一(ﾊｷﾞﾀ ｹﾝｲﾁ)","","",""
"","仲宗根 愛樹(ﾅｶｿﾈ ｱｲｷ)","","",""
"","茶谷 奈津美(ﾁｬﾀﾆ ﾅﾂﾐ)","","",""
"","内山 亜里紗(ｳﾁﾔﾏ ｱﾘｻ)","","",""
"","小幡 俊輔(ｵﾊﾞﾀ ｼｭﾝｽｹ)","","",""
"","鬼頭 慎太郎(ｷﾄｳ ｼﾝﾀﾛｳ)","","",""
"","三宅 恵美(ﾐﾔｹ ﾒｸﾞﾐ)","","",""
"","豊浦 真祐子(ﾄﾖｳﾗ ﾏﾕｺ)","","",""
"","組坂 佑樹(ｸﾐｻｶ ﾕｳｷ)","","",""
"","樋脇 彩夏(ﾋﾜｷ ｱﾔｶ)","","",""
"","鳴海 和人(ﾅﾙﾐ ｶｽﾞﾄ)","","",""
"","北原 光人(ｷﾀﾊﾗ ﾐﾂﾋﾄ)","","",""
"","吉崎 未紗(ﾖｼｻﾞｷ ﾐｻ)","","",""
"","桐生 亜美(ｷﾘｳ ﾂｸﾞﾐ)","","",""
"","井上 佳代(ｲﾉｳｴ ｶﾖ)","","",""
"","山崎 友理(ﾔﾏｻﾞｷ ﾕﾘ)","","",""
"","大野 彩(ｵｵﾉ ｱﾔ)","","",""
"","伊東 知香(ｲﾄｳ ﾁｶ)","","",""
"","清水 克也(ｼﾐｽﾞ ｶﾂﾔ)","","",""
"","定本 良太(ｻﾀﾞﾓﾄ ﾘｮｳﾀ)","","",""
"","青木 美桜(ｱｵｷ ﾐｵ)","","",""
"","高井 可南子(ﾀｶｲ ｶﾅｺ)","","",""
"","北原 成近(ｷﾀﾊﾗ ﾅﾘﾁｶ)","","",""
"","宮本 直哉(ﾐﾔﾓﾄ ﾅｵﾔ)","","",""
"","下山 泰志(ｼﾓﾔﾏ ﾀｲｼ)","","",""
"","七海 智(ﾅﾅｳﾐ ｻﾄｼ)","","",""
"","桑原 吏樹(ｸﾜﾊﾗ ﾘｷ)","","",""
"","伊藤 輝彦(ｲﾄｳ ﾃﾙﾋｺ)","","",""
"","中本 京介(ﾅｶﾓﾄ ｷｮｳｽｹ)","","",""
"","渡辺 大輔(ﾜﾀﾅﾍﾞ ﾀﾞｲｽｹ)","","",""
"","片貝 匡一朗(ｶﾀｶｲ ｺｳｲﾁﾛｳ)","","",""
"","葛西 幸菜(ｶｻｲ ﾕｷﾅ)","","",""
"","栗林 尚紀(ｸﾘﾊﾞﾔｼ ﾅｵｷ)","","",""
"","市川 昌岐(ｲﾁｶﾜ ﾏｻｷ)","","",""
"","京屋 博(ｷｮｳﾔ ﾋﾛｼ)","","",""
"","鈴木 悠太(ｽｽﾞｷ ﾕｳﾀ)","","",""
"","吉島 俊介(ﾖｼｼﾞﾏ ｼｭﾝｽｹ)","","",""
"","笠間 あゆみ(ｶｻﾏ ｱﾕﾐ)","","",""
"","南方 咲良(ﾐﾅｶﾀ ｻｸﾗ)","","",""
"","青木 美佳(ｱｵｷ ﾐｶ)","","",""
"","大塚 花音(ｵｵﾂｶ ｶﾉﾝ)","","",""
"","酒井 さやか(ｻｶｲ ｻﾔｶ)","","",""
"","寺島 俊貴(ﾃﾗｼﾏ ﾄｼｷ)","","",""
"","大原 優綺(ｵｵﾊﾗ ﾕｳｷ)","","",""
"","平木 伊純(ﾋﾗｷ ｲｽﾞﾐ)","","",""
"","松本 夏帆(ﾏﾂﾓﾄ ｶﾎ)","","",""
"","大橋 有稀(ｵｵﾊｼ ﾕｳｷ)","","",""
"","加藤 駿(ｶﾄｳ ｼｭﾝ)","","",""
"","石川 実紀(ｲｼｶﾜ ﾐｷ)","","",""
"","東園 諒也(ﾋｶﾞｼｿﾞﾉ ﾘｮｳﾔ)","","",""
"","大場 竜也(ｵｵﾊﾞ ﾀﾂﾔ)","","",""
"","今井 輝(ｲﾏｲ ﾋｶﾙ)","","",""
"","岡本 卓也(ｵｶﾓﾄ ﾀｸﾔ)","","",""
"","石井 めぐみ(ｲｼｲ ﾒｸﾞﾐ)","","",""
"","中村 聡一郎(ﾅｶﾑﾗ ｿｳｲﾁﾛｳ)","","",""
"","本郷 克哉(ﾎﾝｺﾞｳ ｶﾂﾔ)","","",""
"","矢野 映海(ﾔﾉ ｴｲﾐ)","","",""
"","佐々木 建太(ｻｻｷ ｹﾝﾀ)","","",""
"","岡本 圭(ｵｶﾓﾄ ｹｲ)","","",""
"","武田 圭市(ﾀｹﾀﾞ ｹｲｲﾁ)","","",""
"","笠井 雄大(ｶｻｲ ﾕｳﾀﾞｲ)","","",""
"","牧瀬 佳祐(ﾏｷｾ ｹｲｽｹ)","","",""
"","小川 智(ｵｶﾞﾜ ｻﾄｼ)","","",""
"","佐々木 鮎美(ｻｻｷ ｱﾕﾐ)","","",""
"","中島 基皓(ﾅｶｼﾞﾏ ﾓﾄﾋﾛ)","","",""
"","土師 里佳子(ﾊｼ ﾘｶｺ)","","",""
"","公文 真由紀(ｸﾓﾝ ﾐﾕｷ)","","",""
"","藤井 孝典(ﾌｼﾞｲ ﾀｶﾉﾘ)","","",""
"","阿波 洋輔(ｱﾜ ﾖｳｽｹ)","","",""
"","高嶺 元輝(ﾀｶﾐﾈ ﾓﾄｷ)","","",""
"","石黒 翼(ｲｼｸﾞﾛ ﾂﾊﾞｻ)","","",""
"","堀 公輔(ﾎﾘ ｺｳｽｹ)","","",""
"","坂詰 奈津季(ｻｶﾂﾞﾒ ﾅﾂｷ)","","",""
"","石川 湧(ｲｼｶﾜ ﾕｳ)","","",""
"","田靡 有志(ﾀﾅﾋﾞｷ ﾕｳｼ)","","",""
"","半澤 惇司(ﾊﾝｻﾞﾜ ｼﾞｭﾝｼﾞ)","","",""
"","会議室 予約(ｶｲｷﾞｼﾂ ﾖﾔｸ)","","",""
"","松田 譲司(ﾏﾂﾀﾞ ｼﾞｮｳｼﾞ)","","",""
"","佐藤 正洋(ｻﾄｳ ﾏｻﾋﾛ)","","",""
"","梅澤 和透(ｳﾒｻﾞﾜ ｶｽﾞﾕｷ)","","",""
"","関 文彦(ｾｷ ﾌﾐﾋｺ)","","",""
"","髙栁 和典(ﾀｶﾔﾅｷﾞ ｶｽﾞﾉﾘ)","","",""
"","荻原 広太郎(ｵｷﾞﾊﾗ ｺｳﾀﾛｳ)","","",""
"","中野 瑛司(ﾅｶﾉ ｴｲｼﾞ)","","",""
"","土井 健(ﾄﾞｲ ﾀｹｼ)","","",""
"","中野 智佐子(ﾅｶﾉ ﾁｻｺ)","","",""
"","廣谷 仁志(ﾋﾛﾀﾆ ﾋﾄｼ)","","",""
"","橋爪 賢三(ﾊｼﾂﾞﾒ ｹﾝｿﾞｳ)","","",""
"","中山 俊之(ﾅｶﾔﾏ ﾄｼﾕｷ)","","",""
"","橋本 祐理(ﾊｼﾓﾄ ﾕｳﾘ)","","",""
"","小山 美聡(ｺﾔﾏ ﾐｻﾄ)","","",""
"","小原 渉(ｵﾊﾗ ﾜﾀﾙ)","","",""
"","丸山 恭平(ﾏﾙﾔﾏ ｷｮｳﾍｲ)","","",""
"","栗原 和宏(ｸﾘﾊﾗ ｶｽﾞﾋﾛ)","","",""
"","中村 華奈恵(ﾅｶﾑﾗ ｶﾅｴ)","","",""
"","吉田 圭佑(ﾖｼﾀﾞ ｹｲｽｹ)","","",""
"","永井 久子(ﾅｶﾞｲ ﾋｻｺ)","","",""
"","千葉 鈴子(ﾁﾊﾞ ﾘﾝｺ)","","",""
"","村西 則厚(ﾑﾗﾆｼ ﾉﾘｱﾂ)","","",""
"","町田 健(ﾏﾁﾀﾞ ﾀｹｼ)","","",""
"","関井 達也(ｾｷｲ ﾀﾂﾔ)","","",""
"","吉田 佳那子(ﾖｼﾀﾞ ｶﾅｺ)","","",""
"","山本 真稔(ﾔﾏﾓﾄ ﾏｻﾄｼ)","","",""
"","佐和田 涼介(ｻﾜﾀﾞ ﾘｮｳｽｹ)","","",""
"","安井 歩(ﾔｽｲ ｱﾕﾑ)","","",""
"","小出 薫子(ｺｲﾃﾞ ｶｵﾙｺ)","","",""
"","髙尾 ゆりあ(ｲﾄｳ ﾕﾘｱ)","","",""
"","中本 光俊(ﾅｶﾓﾄ ﾐﾂﾄｼ)","","",""
"","伊勢 主税(ｲｾ ﾁｶﾗ)","","",""
"","西田 祐恵(ﾆｼﾀﾞ ｻﾁｴ)","","",""
"","小林 達也(ｺﾊﾞﾔｼ ﾀﾂﾔ)","","",""
"","中野 優子(ﾅｶﾉ ﾕｳｺ)","","",""
"","古田 真美(ﾌﾙﾀ ﾏﾐ)","","",""
"","小山 里紗(ｺﾔﾏ ﾘｻ)","","",""
"","浅水 琴(ｱｻﾐｽﾞ ｺﾄ)","","",""
"","山名 正人(ﾔﾏﾅ ﾏｻﾄ)","","",""
"","山中 直樹(ﾔﾏﾅｶ ﾅｵｷ)","","",""